{"cameraMode":{"drawMode":0,"name":"Shaded","section":"Shading Mode"},"sceneLighting":true,"audioPlay":false,"sceneViewState":{"showFog":true,"showMaterialUpdate":false,"showSkybox":true,"showFlares":true,"showImageEffects":true,"showParticleSystems":true,"showVisualEffectGraphs":true,"m_FxEnabled":true},"in2DMode":false,"pivot":{"x":2.3561460971832277,"y":3.7297544479370119,"z":5.906810760498047},"rotation":{"x":0.02376280352473259,"y":-0.7102974653244019,"z":0.023348374292254449,"w":0.7035180926322937},"size":1.3349010944366456,"orthographic":false}