{"cameraMode":{"drawMode":0,"name":"Shaded","section":"Shading Mode"},"sceneLighting":true,"audioPlay":false,"sceneViewState":{"m_AlwaysRefresh":false,"showFog":true,"showSkybox":true,"showFlares":true,"showImageEffects":true,"showParticleSystems":true,"showVisualEffectGraphs":true,"m_FxEnabled":false},"in2DMode":false,"pivot":{"x":-0.9527862071990967,"y":0.7800728678703308,"z":1.0693376064300538},"rotation":{"x":-0.31290143728256228,"y":0.060943104326725009,"z":-0.02222612500190735,"w":-0.9471375346183777},"size":1.0558159351348878,"orthographic":false}