{"cameraMode":{"drawMode":0,"name":"Shaded","section":"Shading Mode"},"sceneLighting":true,"audioPlay":false,"sceneViewState":{"showFog":true,"showMaterialUpdate":false,"showSkybox":true,"showFlares":true,"showImageEffects":true,"showParticleSystems":true,"showVisualEffectGraphs":true,"m_FxEnabled":false},"in2DMode":false,"pivot":{"x":-0.09622956812381745,"y":0.6253410577774048,"z":1.7088313102722169},"rotation":{"x":0.21394343674182893,"y":-0.07854660600423813,"z":0.017271995544433595,"w":0.9735910296440125},"size":0.8660253882408142,"orthographic":false}