{"cameraMode":{"drawMode":0,"name":"Shaded","section":"Shading Mode"},"sceneLighting":true,"audioPlay":false,"sceneViewState":{"showFog":true,"showMaterialUpdate":false,"showSkybox":true,"showFlares":true,"showImageEffects":true,"showParticleSystems":true,"showVisualEffectGraphs":true,"m_FxEnabled":true},"in2DMode":false,"pivot":{"x":1.235656499862671,"y":-0.29972609877586367,"z":-2.5725150108337404},"rotation":{"x":0.028218289837241174,"y":-0.9720737934112549,"z":0.15766233205795289,"w":0.17329873144626618},"size":3.318617105484009,"orthographic":false}