{"cameraMode":{"drawMode":0,"name":"Shaded","section":"Shading Mode"},"sceneLighting":true,"audioPlay":false,"sceneViewState":{"showFog":true,"showMaterialUpdate":false,"showSkybox":true,"showFlares":true,"showImageEffects":true,"showParticleSystems":true,"showVisualEffectGraphs":true,"m_FxEnabled":true},"in2DMode":false,"pivot":{"x":-0.6275284290313721,"y":-0.08124744892120362,"z":-2.4149868488311769},"rotation":{"x":0.028371622785925866,"y":-0.9529584646224976,"z":0.09347245842218399,"w":0.28794559836387637},"size":3.2950613498687746,"orthographic":false}