{"cameraMode":{"drawMode":0,"name":"Shaded","section":"Shading Mode"},"sceneLighting":true,"audioPlay":false,"sceneViewState":{"showFog":true,"showMaterialUpdate":false,"showSkybox":true,"showFlares":true,"showImageEffects":true,"showParticleSystems":true,"showVisualEffectGraphs":true,"m_FxEnabled":true},"in2DMode":false,"pivot":{"x":0.3809523582458496,"y":-0.9561512470245361,"z":-2.5197925567626955},"rotation":{"x":0.029765024781227113,"y":-0.9706083536148071,"z":0.1724078208208084,"w":0.1670425832271576},"size":3.2950613498687746,"orthographic":false}