{"cameraMode":{"drawMode":0,"name":"Shaded","section":"Shading Mode"},"sceneLighting":true,"audioPlay":false,"sceneViewState":{"m_AlwaysRefresh":false,"showFog":true,"showSkybox":true,"showFlares":true,"showImageEffects":true,"showParticleSystems":true,"showVisualEffectGraphs":true,"m_FxEnabled":true},"in2DMode":false,"pivot":{"x":-2.624969244003296,"y":1.3693567514419556,"z":0.4232386648654938},"rotation":{"x":-0.020351069048047067,"y":-0.9793728590011597,"z":0.15558992326259614,"w":-0.13066178560256959},"size":5.666780471801758,"orthographic":false}