{"cameraMode":{"drawMode":0,"name":"Shaded","section":"Shading Mode"},"sceneLighting":true,"audioPlay":false,"sceneViewState":{"showFog":true,"showMaterialUpdate":false,"showSkybox":true,"showFlares":true,"showImageEffects":true,"showParticleSystems":true,"showVisualEffectGraphs":true,"m_FxEnabled":false},"in2DMode":false,"pivot":{"x":0.8492708802223206,"y":0.5260912179946899,"z":-0.3114425837993622},"rotation":{"x":-0.008003654889762402,"y":-0.4921061098575592,"z":-0.004517152905464172,"w":0.8705348372459412},"size":0.5660253763198853,"orthographic":false}