{"cameraMode":{"drawMode":0,"name":"Shaded","section":"Shading Mode"},"sceneLighting":true,"audioPlay":false,"sceneViewState":{"showFog":true,"showMaterialUpdate":false,"showSkybox":true,"showFlares":true,"showImageEffects":true,"showParticleSystems":true,"showVisualEffectGraphs":true,"m_FxEnabled":false},"in2DMode":false,"pivot":{"x":1.9365369081497193,"y":0.17548781633377076,"z":-1.0156477689743043},"rotation":{"x":0.19693560898303986,"y":-0.6813940405845642,"z":0.19840013980865479,"w":0.6764886975288391},"size":0.5660253763198853,"orthographic":false}